event_id,timestamp_s,frame,team,zone,made,points,court_x,court_y,confidence
0,14.815,444,B,inside_arc,0,0,-0.36,1.82,0.824
1,22.155,664,A,beyond_arc,1,2,-0.63,9.25,0.123
2,29.863,895,B,beyond_arc,0,0,-3.4,7.81,0.988
3,40.14,1203,A,inside_arc,0,0,0.87,1.37,0.839
4,57.424,1721,A,ft,0,0,-0.14,6.15,0.995
5,67.668,2028,B,beyond_arc,0,0,-6.68,2.87,0.981
6,77.578,2325,A,beyond_arc,1,2,-5.3,6.38,0.984
7,101.969,3056,A,beyond_arc,0,0,1.77,8.66,0.7
8,117.484,3521,B,beyond_arc,0,0,-4.41,7.05,1.0
9,137.504,4121,A,inside_arc,1,1,6.25,3.17,0.706
10,151.351,4536,B,beyond_arc,1,2,-0.09,8.87,0.617
11,175.342,5255,A,beyond_arc,0,0,5.15,6.86,0.982
12,190.891,5721,A,inside_arc,1,1,1.79,3.17,0.648
13,199.166,5969,A,beyond_arc,0,0,3.84,8.3,0.907
14,210.31,6303,B,inside_arc,1,1,-1.13,-0.4,0.959
15,214.548,6430,A,beyond_arc,1,2,-6.61,4.77,0.981
16,227.36,6814,B,inside_arc,0,0,-3.32,2.33,0.567
17,234.734,7035,A,beyond_arc,0,0,-4.15,7.59,0.947
18,245.378,7354,B,inside_arc,0,0,3.12,5.1,0.985
19,252.085,7555,A,beyond_arc,0,0,1.07,8.88,0.993
20,258.759,7755,B,beyond_arc,1,2,5.57,6.94,0.981
21,271.671,8142,A,beyond_arc,0,0,-2.96,8.11,0.996
22,277.611,8320,B,inside_arc,1,1,1.28,2.59,0.915
23,283.35,8492,A,inside_arc,0,0,0.62,5.4,0.979
24,297.197,8907,A,ft,0,0,-0.14,5.95,0.996
25,301.802,9045,A,beyond_arc,0,0,-1.31,8.75,1.0
26,311.912,9348,B,inside_arc,1,1,-1.51,1.71,0.971
27,321.555,9637,A,beyond_arc,0,0,-6.07,5.94,0.846
28,335.802,10064,A,beyond_arc,0,0,4.99,6.85,0.997
29,346.379,10381,A,beyond_arc,0,0,-0.35,8.84,1.0
30,354.821,10634,?,beyond_arc,0,0,-6.29,12.39,0.994
31,363.763,10902,B,inside_arc,1,1,1.37,3.32,0.956
32,368.535,11045,A,beyond_arc,0,0,1.37,8.43,1.0
33,373.406,11191,A,beyond_arc,0,0,1.81,8.39,0.855
