event_id,timestamp_s,frame,team,zone,made,note
0,9.676,290,A,inside_arc,1,
1,24.324,729,A,ft,0,
2,34.901,1046,B,beyond_arc,1,
3,47.314,1418,A,inside_arc,1,
4,55.655,1668,B,beyond_arc,1,
5,67.100,2011,B,inside_arc,1,
6,72.439,2171,A,beyond_arc,0,
7,77.610,2326,B,beyond_arc,1,
8,88.555,2654,A,inside_arc,1,
9,102.969,3086,B,beyond_arc,0,
10,112.946,3385,A,beyond_arc,0,
11,129.729,3888,B,inside_arc,0,
12,140.640,4215,B,inside_arc,1,
13,145.745,4368,A,inside_arc,1,
14,153.887,4612,B,beyond_arc,0,
15,165.765,4968,B,inside_arc,1,
16,169.669,5085,A,beyond_arc,0,
17,177.544,5321,A,beyond_arc,1,
18,192.926,5782,B,inside_arc,0,
19,200.800,6018,A,inside_arc,0,
20,226.392,6785,B,beyond_arc,0,
21,234.400,7025,A,beyond_arc,0,
22,250.884,7519,A,beyond_arc,0,
23,258.525,7748,B,beyond_arc,1,
24,264.063,7914,A,beyond_arc,0,
25,268.701,8053,B,beyond_arc,0,
26,275.542,8258,B,beyond_arc,0,
27,289.389,8673,A,inside_arc,1,
28,302.602,9069,B,beyond_arc,0,
29,309.776,9284,A,inside_arc,0,
30,334.601,10028,B,inside_arc,1,
31,338.071,10132,A,beyond_arc,0,
32,344.377,10321,A,beyond_arc,1,
33,357.824,10724,A,beyond_arc,0,
34,362.695,10870,A,beyond_arc,0,
35,376.075,11271,B,inside_arc,1,
36,393.159,11783,B,ft,0,
37,397.363,11909,A,beyond_arc,0,
